Workbook

Sheet Raw Data
A1: Timestamp | B1: Date_1 | C1: Year_2 | D1: Month_3 | E1: Day_4 | F1: Hour_5 | G1: Day_Name_6 | H1: Weekday_vs_Weekend_7 | I1: Latitude | J1: Longitude | K1: Vehicle_Count | L1: Traffic_Speed_kmh | M1: Road_Occupancy_% | N1: Traffic_Light_State | O1: Weather_Condition | P1: Accident_Report | Q1: Sentiment_Score | R1: Ride_Sharing_Demand | S1: Parking_Availability | T1: Emission_Levels_km | U1: Energy_Consumption_L_h | V1: Traffic_Condition
A2: 45352 | B2: 45352 | C2: 2024 | D2: 3 | E2: 1 | F2: 0 | G2: Friday | H2: Weekday | I2: 40.842275 | J2: -73.703149 | K2: 205 | L2: 49.893435 | M2: 82.65278 | N2: Yellow | O2: Clear | P2: 0 | Q2: -0.60919909 | R2: 2 | S2: 45 | T2: 450.76006 | U2: 19.574337 | V2: High
A3: 45352.003 | B3: 45352 | C3: 2024 | D3: 3 | E3: 1 | F3: 0 | G3: Friday | H3: Weekday | I3: 40.831119 | J3: -73.987354 | K3: 202 | L3: 22.383965 | M3: 45.829298 | N3: Green | O3: Clear | P3: 0 | Q3: 0.96544237 | R3: 16 | S3: 1 | T3: 321.80034 | U3: 5.3855535 | V3: High
A4: 45352.007 | B4: 45352 | C4: 2024 | D4: 3 | E4: 1 | F4: 0 | G4: Friday | H4: Weekday | I4: 40.819549 | J4: -73.732462 | K4: 252 | L4: 46.889699 | M4: 82.772465 | N4: Green | O4: Rain | P4: 0 | Q4: 0.28966032 | R4: 16 | S4: 49 | T4: 231.15265 | U4: 10.277477 | V4: High
A5: 45352.01 | B5: 45352 | C5: 2024 | D5: 3 | E5: 1 | F5: 0 | G5: Friday | H5: Weekday | I5: 40.725849 | J5: -73.980134 | K5: 37 | L5: 5.7305364 | M5: 37.695567 | N5: Red | O5: Fog | P5: 0 | Q5: -0.27196474 | R5: 66 | S5: 10 | T5: 410.38429 | U5: 29.243279 | V5: High
A6: 45352.014 | B6: 45352 | C6: 2024 | D6: 3 | E6: 1 | F6: 0 | G6: Friday | H6: Weekday | I6: 40.813265 | J6: -73.961631 | K6: 64 | L6: 61.348034 | M6: 22.313358 | N6: Red | O6: Snow | P6: 0 | Q6: -0.79760562 | R6: 3 | S6: 5 | T6: 364.46634 | U6: 16.801459 | V6: Low
A7: 45352.017 | B7: 45352 | C7: 2024 | D7: 3 | E7: 1 | F7: 0 | G7: Friday | H7: Weekday | I7: 40.641112 | J7: -73.825095 | K7: 125 | L7: 9.1507456 | M7: 72.799903 | N7: Green | O7: Clear | P7: 0 | Q7: -0.59463633 | R7: 78 | S7: 27 | T7: 349.04531 | U7: 29.805842 | V7: High
A8: 45352.021 | B8: 45352 | C8: 2024 | D8: 3 | E8: 1 | F8: 0 | G8: Friday | H8: Weekday | I8: 40.797139 | J8: -73.797445 | K8: 125 | L8: 9.1627743 | M8: 34.182018 | N8: Green | O8: Snow | P8: 0 | Q8: 0.54428385 | R8: 21 | S8: 42 | T8: 363.74593 | U8: 18.890579 | V8: High
A9: 45352.024 | B9: 45352 | C9: 2024 | D9: 3 | E9: 1 | F9: 0 | G9: Friday | H9: Weekday | I9: 40.812362 | J9: -73.801751 | K9: 130 | L9: 40.993622 | M9: 40.427932 | N9: Yellow | O9: Clear | P9: 0 | Q9: 0.74405789 | R9: 92 | S9: 22 | T9: 82.190815 | U9: 12.117573 | V9: Medium
A10: 45352.028 | B10: 45352 | C10: 2024 | D10: 3 | E10: 1 | F10: 0 | G10: Friday | H10: Weekday | I10: 40.717006 | J10: -73.789562 | K10: 67 | L10: 73.905337 | M10: 80.607375 | N10: Green | O10: Clear | P10: 0 | Q10: -0.439931 | R10: 27 | S10: 4 | T10: 477.23242 | U10: 17.223679 | V10: High
A11: 45352.031 | B11: 45352 | C11: 2024 | D11: 3 | E11: 1 | F11: 0 | G11: Friday | H11: Weekday | I11: 40.872364 | J11: -73.74021 | K11: 12 | L11: 65.535592 | M11: 47.114957 | N11: Green | O11: Fog | P11: 0 | Q11: 0.5666007 | R11: 28 | S11: 8 | T11: 56.865404 | U11: 13.044743 | V11: Low
A12: 45352.035 | B12: 45352 | C12: 2024 | D12: 3 | E12: 1 | F12: 0 | G12: Friday | H12: Weekday | I12: 40.722495 | J12: -73.830212 | K12: 117 | L12: 60.481377 | M12: 56.001738 | N12: Green | O12: Fog | P12: 0 | Q12: 0.66646571 | R12: 77 | S12: 39 | T12: 295.90508 | U12: 18.446979 | V12: Medium
A13: 45352.038 | B13: 45352 | C13: 2024 | D13: 3 | E13: 1 | F13: 0 | G13: Friday | H13: Weekday | I13: 40.793534 | J13: -73.983809 | K13: 12 | L13: 38.739874 | M13: 69.653163 | N13: Green | O13: Fog | P13: 0 | Q13: 0.71416238 | R13: 14 | S13: 2 | T13: 179.55588 | U13: 22.226654 | V13: Medium
... A5001: 45369.358 | B5001: 45369 | C5001: 2024 | D5001: 3 | E5001: 18 | F5001: 8 | G5001: Monday | H5001: Weekday | I5001: 40.756688 | J5001: -73.849335 | K5001: 147 | L5001: 51.473769 | M5001: 28.048376 | N5001: Green | O5001: Snow | P5001: 0 | Q5001: 0.5697929 | R5001: 74 | S5001: 16 | T5001: 119.19682 | U5001: 25.065909 | V5001: Medium

Sheet Cleaned Data
A1: Timestamp | B1: Date_1 | C1: Year_2 | D1: Month_3 | E1: Day_4 | F1: Hour_5 | G1: Day_Name_6 | H1: Weekday_vs_Weekend_7 | I1: Latitude | J1: Longitude | K1: Vehicle_Count | L1: Traffic_Speed_kmh | M1: Road_Occupancy_% | N1: Traffic_Light_State | O1: Weather_Condition | P1: Accident_Report | Q1: Sentiment_Score | R1: Ride_Sharing_Demand | S1: Parking_Availability | T1: Emission_Levels_km | U1: Energy_Consumption_L_h | V1: Traffic_Condition
A2: 45352 | B2: 45352 | C2: 2024 | D2: 3 | E2: 1 | F2: 0 | G2: Friday | H2: Weekday | I2: 40.842275 | J2: -73.703149 | K2: 205 | L2: 49.893435 | M2: 82.65278 | N2: Yellow | O2: Clear | P2: 0 | Q2: -0.60919909 | R2: 2 | S2: 45 | T2: 450.76006 | U2: 19.574337 | V2: High
A3: 45352.003 | B3: 45352 | C3: 2024 | D3: 3 | E3: 1 | F3: 0 | G3: Friday | H3: Weekday | I3: 40.831119 | J3: -73.987354 | K3: 202 | L3: 22.383965 | M3: 45.829298 | N3: Green | O3: Clear | P3: 0 | Q3: 0.96544237 | R3: 16 | S3: 1 | T3: 321.80034 | U3: 5.3855535 | V3: High
A4: 45352.007 | B4: 45352 | C4: 2024 | D4: 3 | E4: 1 | F4: 0 | G4: Friday | H4: Weekday | I4: 40.819549 | J4: -73.732462 | K4: 252 | L4: 46.889699 | M4: 82.772465 | N4: Green | O4: Rain | P4: 0 | Q4: 0.28966032 | R4: 16 | S4: 49 | T4: 231.15265 | U4: 10.277477 | V4: High
A5: 45352.01 | B5: 45352 | C5: 2024 | D5: 3 | E5: 1 | F5: 0 | G5: Friday | H5: Weekday | I5: 40.725849 | J5: -73.980134 | K5: 37 | L5: 5.7305364 | M5: 37.695567 | N5: Red | O5: Fog | P5: 0 | Q5: -0.27196474 | R5: 66 | S5: 10 | T5: 410.38429 | U5: 29.243279 | V5: High
A6: 45352.014 | B6: 45352 | C6: 2024 | D6: 3 | E6: 1 | F6: 0 | G6: Friday | H6: Weekday | I6: 40.813265 | J6: -73.961631 | K6: 64 | L6: 61.348034 | M6: 22.313358 | N6: Red | O6: Snow | P6: 0 | Q6: -0.79760562 | R6: 3 | S6: 5 | T6: 364.46634 | U6: 16.801459 | V6: Low
A7: 45352.017 | B7: 45352 | C7: 2024 | D7: 3 | E7: 1 | F7: 0 | G7: Friday | H7: Weekday | I7: 40.641112 | J7: -73.825095 | K7: 125 | L7: 9.1507456 | M7: 72.799903 | N7: Green | O7: Clear | P7: 0 | Q7: -0.59463633 | R7: 78 | S7: 27 | T7: 349.04531 | U7: 29.805842 | V7: High
A8: 45352.021 | B8: 45352 | C8: 2024 | D8: 3 | E8: 1 | F8: 0 | G8: Friday | H8: Weekday | I8: 40.797139 | J8: -73.797445 | K8: 125 | L8: 9.1627743 | M8: 34.182018 | N8: Green | O8: Snow | P8: 0 | Q8: 0.54428385 | R8: 21 | S8: 42 | T8: 363.74593 | U8: 18.890579 | V8: High
A9: 45352.024 | B9: 45352 | C9: 2024 | D9: 3 | E9: 1 | F9: 0 | G9: Friday | H9: Weekday | I9: 40.812362 | J9: -73.801751 | K9: 130 | L9: 40.993622 | M9: 40.427932 | N9: Yellow | O9: Clear | P9: 0 | Q9: 0.74405789 | R9: 92 | S9: 22 | T9: 82.190815 | U9: 12.117573 | V9: Medium
A10: 45352.028 | B10: 45352 | C10: 2024 | D10: 3 | E10: 1 | F10: 0 | G10: Friday | H10: Weekday | I10: 40.717006 | J10: -73.789562 | K10: 67 | L10: 73.905337 | M10: 80.607375 | N10: Green | O10: Clear | P10: 0 | Q10: -0.439931 | R10: 27 | S10: 4 | T10: 477.23242 | U10: 17.223679 | V10: High
A11: 45352.031 | B11: 45352 | C11: 2024 | D11: 3 | E11: 1 | F11: 0 | G11: Friday | H11: Weekday | I11: 40.872364 | J11: -73.74021 | K11: 12 | L11: 65.535592 | M11: 47.114957 | N11: Green | O11: Fog | P11: 0 | Q11: 0.5666007 | R11: 28 | S11: 8 | T11: 56.865404 | U11: 13.044743 | V11: Low
A12: 45352.035 | B12: 45352 | C12: 2024 | D12: 3 | E12: 1 | F12: 0 | G12: Friday | H12: Weekday | I12: 40.722495 | J12: -73.830212 | K12: 117 | L12: 60.481377 | M12: 56.001738 | N12: Green | O12: Fog | P12: 0 | Q12: 0.66646571 | R12: 77 | S12: 39 | T12: 295.90508 | U12: 18.446979 | V12: Medium
A13: 45352.038 | B13: 45352 | C13: 2024 | D13: 3 | E13: 1 | F13: 0 | G13: Friday | H13: Weekday | I13: 40.793534 | J13: -73.983809 | K13: 12 | L13: 38.739874 | M13: 69.653163 | N13: Green | O13: Fog | P13: 0 | Q13: 0.71416238 | R13: 14 | S13: 2 | T13: 179.55588 | U13: 22.226654 | V13: Medium
... A5001: 45369.358 | B5001: 45369 | C5001: 2024 | D5001: 3 | E5001: 18 | F5001: 8 | G5001: Monday | H5001: Weekday | I5001: 40.756688 | J5001: -73.849335 | K5001: 147 | L5001: 51.473769 | M5001: 28.048376 | N5001: Green | O5001: Snow | P5001: 0 | Q5001: 0.5697929 | R5001: 74 | S5001: 16 | T5001: 119.19682 | U5001: 25.065909 | V5001: Medium

Sheet Project Notes
B2: Smart Mobility Dataset — Cleaning & Formula Workbook
B3: Prepared for: Shubham | Smart City Traffic Analytics portfolio project
B5: Source used
B6: This workbook is built from your 'Power Query Clean Data' sheet | C6: As requested, I used the sheet you had already cleaned in Power Query (5,000 rows x 22 columns) — not the raw 1,048,575-row sheet. That data was already free of blank rows and duplicates, and Year_2/Month_3/Day_4/Hour_5 were already whole numbers, so no rows needed to be removed here.
B7: What this workbook contains
B8: Raw Data | C8: Your Power Query output, carried over as-is — 5,000 rows x 22 columns — used as the base for every sheet below.
B9: Text Cleaning Formulas | C9: TRIM, CLEAN, PROPER, UPPER, LOWER, SUBSTITUTE and a nested PROPER(TRIM(CLEAN())) formula, applied live on all 5,000 rows.
B10: IF Formulas Demo | C10: IF, IFERROR and IFNA together — a congestion category, an accident flag, and two safe-lookup patterns (IFERROR+VLOOKUP and IFNA+INDEX/MATCH) — live on all 5,000 rows.
B11: COUNTIF / COUNTIFS Summary | C11: Aggregate counts across all 5,000 rows — by weather, by traffic condition, weekday vs weekend, and combined conditions (COUNTIFS).
B12: Lookup Formulas Demo | C12: VLOOKUP, INDEX & MATCH, HLOOKUP and LOOKUP, working off a small Weather -> Recommended Action reference table. XLOOKUP syntax is documented as text only, since it's a post-2013 function this workbook's recalculation engine (LibreOffice) cannot evaluate reliably — INDEX/MATCH is used wherever a live formula is needed.
B13: Power Query Steps | C13: A written log of the steps your data had already been through in Power Query (Trim, Clean, Change Type, Remove Blanks, Remove Duplicates), confirmed against this sheet.
B14: Cleaned Data | C14: The final dataset — all 5,000 rows, ready to use.
B15: Summary | C15: A separate sheet with the final row count, column count, and total data cells, pulled from Cleaned Data with formulas.
B16: Data quality check on your Power Query output
B17: Missing values | C17: None found.
B18: Duplicate rows | C18: None found.
B19: Spelling/typos in text columns | C19: None found — Day_Name_6, Weekday_vs_Weekend_7, Traffic_Light_State, Weather_Condition and Traffic_Condition were already consistent. TRIM/CLEAN/PROPER/UPPER/LOWER are still demonstrated live as requested; SUBSTITUTE is demonstrated by building a short weekday/weekend code, since there was no real typo to fix.
B20: Numeric types | C20: Year_2, Month_3, Day_4, Hour_5, Vehicle_Count, Accident_Report, Ride_Sharing_Demand and Parking_Availability are already whole numbers — no fix needed here, your Change Type step already handled it.

Sheet Lookup Formulas Demo
A1: Lookup Formulas Demo — VLOOKUP, INDEX & MATCH, HLOOKUP, LOOKUP, XLOOKUP
A3: Reference Table: Weather Condition -> Recommended Action | D3: Applying each formula to every weather condition
A4: Weather_Condition | B4: Recommended Action | D4: Weather_Condition | E4: VLOOKUP | F4: INDEX & MATCH | G4: HLOOKUP | H4: LOOKUP | I4: XLOOKUP (syntax only)
A5: Clear | B5: Normal Driving | D5: =A5 -> Clear | E5: =VLOOKUP(A5,$A$5:$B$8,2,0) -> Normal Driving | F5: =INDEX($B$5:$B$8,MATCH(A5,$A$5:$A$8,0)) -> Normal Driving | G5: =HLOOKUP(A5,$A$11:$E$12,2,FALSE()) -> Normal Driving | H5: =LOOKUP(A5,$A$5:$A$8,$B$5:$B$8) -> Normal Driving | I5: '=XLOOKUP(A5,$A$5:$A$8,$B$5:$B$8,"Not found")
A6: Fog | B6: Use Fog Lights, Reduce Speed | D6: =A6 -> Fog | E6: =VLOOKUP(A6,$A$5:$B$8,2,0) -> Use Fog Lights, Reduce Speed | F6: =INDEX($B$5:$B$8,MATCH(A6,$A$5:$A$8,0)) -> Use Fog Lights, Reduce Speed | G6: =HLOOKUP(A6,$A$11:$E$12,2,FALSE()) -> Use Fog Lights, Reduce Speed | H6: =LOOKUP(A6,$A$5:$A$8,$B$5:$B$8) -> Use Fog Lights, Reduce Speed | I6: '=XLOOKUP(A6,$A$5:$A$8,$B$5:$B$8,"Not found")
A7: Rain | B7: Reduce Speed, Increase Following Distance | D7: =A7 -> Rain | E7: =VLOOKUP(A7,$A$5:$B$8,2,0) -> Reduce Speed, Increase Following Distance | F7: =INDEX($B$5:$B$8,MATCH(A7,$A$5:$A$8,0)) -> Reduce Speed, Increase Following Distance | G7: =HLOOKUP(A7,$A$11:$E$12,2,FALSE()) -> Reduce Speed, Increase Following Distance | H7: =LOOKUP(A7,$A$5:$A$8,$B$5:$B$8) -> Reduce Speed, Increase Following Distance | I7: '=XLOOKUP(A7,$A$5:$A$8,$B$5:$B$8,"Not found")
A8: Snow | B8: Extreme Caution, Consider Delay | D8: =A8 -> Snow | E8: =VLOOKUP(A8,$A$5:$B$8,2,0) -> Extreme Caution, Consider Delay | F8: =INDEX($B$5:$B$8,MATCH(A8,$A$5:$A$8,0)) -> Extreme Caution, Consider Delay | G8: =HLOOKUP(A8,$A$11:$E$12,2,FALSE()) -> Extreme Caution, Consider Delay | H8: =LOOKUP(A8,$A$5:$A$8,$B$5:$B$8) -> Extreme Caution, Consider Delay | I8: '=XLOOKUP(A8,$A$5:$A$8,$B$5:$B$8,"Not found")
A10: Same Table, Transposed (for HLOOKUP)
A11: Weather_Condition | B11: Clear | C11: Fog | D11: Rain | E11: Snow
A12: Recommended Action | B12: Normal Driving | C12: Use Fog Lights, Reduce Speed | D12: Reduce Speed, Increase Following Distance | E12: Extreme Caution, Consider Delay
A16: Note: XLOOKUP is shown as text (column I) because it is a post-2013 Excel function that this workbook's checking/recalculation engine cannot evaluate. Copy it into Excel 365 / Excel 2021+ and it will work exactly as written. INDEX & MATCH (column F) does the same job and works in every Excel version.

Sheet Text Cleaning Formulas
A1: TRIM / CLEAN / PROPER / UPPER / LOWER / SUBSTITUTE / VALUE — live, all 5,000 rows
A2: Row # | B2: Raw Weather_Condition | C2: TRIM(weather) | D2: CLEAN(trim) | E2: PROPER(clean) | F2: UPPER(weather) | G2: LOWER(weather) | H2: Raw Weekday_vs_Weekend_7 | I2: SUBSTITUTE -> short code (Weekday->WD, Weekend->WE) | J2: PROPER(TRIM(CLEAN(weather))) [nested] | K2: Hour_5 as TEXT | L2: VALUE(text) back to number
A3: ='Raw Data'!A2 -> 45352 | B3: ='Raw Data'!O2 -> Clear | C3: =TRIM(B3) -> Clear | D3: =CLEAN(C3) -> Clear | E3: =PROPER(D3) -> Clear | F3: =UPPER(B3) -> CLEAR | G3: =LOWER(B3) -> clear | H3: ='Raw Data'!H2 -> Weekday | I3: =SUBSTITUTE(SUBSTITUTE(H3,"Weekday","WD"),"Weekend","WE") -> WD | J3: =PROPER(TRIM(CLEAN(B3))) -> Clear | K3: =TEXT('Raw Data'!F2,"0") -> 0 | L3: =VALUE(K3) -> 0
A4: ='Raw Data'!A3 -> 45352.003 | B4: ='Raw Data'!O3 -> Clear | C4: =TRIM(B4) -> Clear | D4: =CLEAN(C4) -> Clear | E4: =PROPER(D4) -> Clear | F4: =UPPER(B4) -> CLEAR | G4: =LOWER(B4) -> clear | H4: ='Raw Data'!H3 -> Weekday | I4: =SUBSTITUTE(SUBSTITUTE(H4,"Weekday","WD"),"Weekend","WE") -> WD | J4: =PROPER(TRIM(CLEAN(B4))) -> Clear | K4: =TEXT('Raw Data'!F3,"0") -> 0 | L4: =VALUE(K4) -> 0
A5: ='Raw Data'!A4 -> 45352.007 | B5: ='Raw Data'!O4 -> Rain | C5: =TRIM(B5) -> Rain | D5: =CLEAN(C5) -> Rain | E5: =PROPER(D5) -> Rain | F5: =UPPER(B5) -> RAIN | G5: =LOWER(B5) -> rain | H5: ='Raw Data'!H4 -> Weekday | I5: =SUBSTITUTE(SUBSTITUTE(H5,"Weekday","WD"),"Weekend","WE") -> WD | J5: =PROPER(TRIM(CLEAN(B5))) -> Rain | K5: =TEXT('Raw Data'!F4,"0") -> 0 | L5: =VALUE(K5) -> 0
A6: ='Raw Data'!A5 -> 45352.01 | B6: ='Raw Data'!O5 -> Fog | C6: =TRIM(B6) -> Fog | D6: =CLEAN(C6) -> Fog | E6: =PROPER(D6) -> Fog | F6: =UPPER(B6) -> FOG | G6: =LOWER(B6) -> fog | H6: ='Raw Data'!H5 -> Weekday | I6: =SUBSTITUTE(SUBSTITUTE(H6,"Weekday","WD"),"Weekend","WE") -> WD | J6: =PROPER(TRIM(CLEAN(B6))) -> Fog | K6: =TEXT('Raw Data'!F5,"0") -> 0 | L6: =VALUE(K6) -> 0
A7: ='Raw Data'!A6 -> 45352.014 | B7: ='Raw Data'!O6 -> Snow | C7: =TRIM(B7) -> Snow | D7: =CLEAN(C7) -> Snow | E7: =PROPER(D7) -> Snow | F7: =UPPER(B7) -> SNOW | G7: =LOWER(B7) -> snow | H7: ='Raw Data'!H6 -> Weekday | I7: =SUBSTITUTE(SUBSTITUTE(H7,"Weekday","WD"),"Weekend","WE") -> WD | J7: =PROPER(TRIM(CLEAN(B7))) -> Snow | K7: =TEXT('Raw Data'!F6,"0") -> 0 | L7: =VALUE(K7) -> 0
A8: ='Raw Data'!A7 -> 45352.017 | B8: ='Raw Data'!O7 -> Clear | C8: =TRIM(B8) -> Clear | D8: =CLEAN(C8) -> Clear | E8: =PROPER(D8) -> Clear | F8: =UPPER(B8) -> CLEAR | G8: =LOWER(B8) -> clear | H8: ='Raw Data'!H7 -> Weekday | I8: =SUBSTITUTE(SUBSTITUTE(H8,"Weekday","WD"),"Weekend","WE") -> WD | J8: =PROPER(TRIM(CLEAN(B8))) -> Clear | K8: =TEXT('Raw Data'!F7,"0") -> 0 | L8: =VALUE(K8) -> 0
A9: ='Raw Data'!A8 -> 45352.021 | B9: ='Raw Data'!O8 -> Snow | C9: =TRIM(B9) -> Snow | D9: =CLEAN(C9) -> Snow | E9: =PROPER(D9) -> Snow | F9: =UPPER(B9) -> SNOW | G9: =LOWER(B9) -> snow | H9: ='Raw Data'!H8 -> Weekday | I9: =SUBSTITUTE(SUBSTITUTE(H9,"Weekday","WD"),"Weekend","WE") -> WD | J9: =PROPER(TRIM(CLEAN(B9))) -> Snow | K9: =TEXT('Raw Data'!F8,"0") -> 0 | L9: =VALUE(K9) -> 0
A10: ='Raw Data'!A9 -> 45352.024 | B10: ='Raw Data'!O9 -> Clear | C10: =TRIM(B10) -> Clear | D10: =CLEAN(C10) -> Clear | E10: =PROPER(D10) -> Clear | F10: =UPPER(B10) -> CLEAR | G10: =LOWER(B10) -> clear | H10: ='Raw Data'!H9 -> Weekday | I10: =SUBSTITUTE(SUBSTITUTE(H10,"Weekday","WD"),"Weekend","WE") -> WD | J10: =PROPER(TRIM(CLEAN(B10))) -> Clear | K10: =TEXT('Raw Data'!F9,"0") -> 0 | L10: =VALUE(K10) -> 0
A11: ='Raw Data'!A10 -> 45352.028 | B11: ='Raw Data'!O10 -> Clear | C11: =TRIM(B11) -> Clear | D11: =CLEAN(C11) -> Clear | E11: =PROPER(D11) -> Clear | F11: =UPPER(B11) -> CLEAR | G11: =LOWER(B11) -> clear | H11: ='Raw Data'!H10 -> Weekday | I11: =SUBSTITUTE(SUBSTITUTE(H11,"Weekday","WD"),"Weekend","WE") -> WD | J11: =PROPER(TRIM(CLEAN(B11))) -> Clear | K11: =TEXT('Raw Data'!F10,"0") -> 0 | L11: =VALUE(K11) -> 0
A12: ='Raw Data'!A11 -> 45352.031 | B12: ='Raw Data'!O11 -> Fog | C12: =TRIM(B12) -> Fog | D12: =CLEAN(C12) -> Fog | E12: =PROPER(D12) -> Fog | F12: =UPPER(B12) -> FOG | G12: =LOWER(B12) -> fog | H12: ='Raw Data'!H11 -> Weekday | I12: =SUBSTITUTE(SUBSTITUTE(H12,"Weekday","WD"),"Weekend","WE") -> WD | J12: =PROPER(TRIM(CLEAN(B12))) -> Fog | K12: =TEXT('Raw Data'!F11,"0") -> 0 | L12: =VALUE(K12) -> 0
A13: ='Raw Data'!A12 -> 45352.035 | B13: ='Raw Data'!O12 -> Fog | C13: =TRIM(B13) -> Fog | D13: =CLEAN(C13) -> Fog | E13: =PROPER(D13) -> Fog | F13: =UPPER(B13) -> FOG | G13: =LOWER(B13) -> fog | H13: ='Raw Data'!H12 -> Weekday | I13: =SUBSTITUTE(SUBSTITUTE(H13,"Weekday","WD"),"Weekend","WE") -> WD | J13: =PROPER(TRIM(CLEAN(B13))) -> Fog | K13: =TEXT('Raw Data'!F12,"0") -> 0 | L13: =VALUE(K13) -> 0
A14: ='Raw Data'!A13 -> 45352.038 | B14: ='Raw Data'!O13 -> Fog | C14: =TRIM(B14) -> Fog | D14: =CLEAN(C14) -> Fog | E14: =PROPER(D14) -> Fog | F14: =UPPER(B14) -> FOG | G14: =LOWER(B14) -> fog | H14: ='Raw Data'!H13 -> Weekday | I14: =SUBSTITUTE(SUBSTITUTE(H14,"Weekday","WD"),"Weekend","WE") -> WD | J14: =PROPER(TRIM(CLEAN(B14))) -> Fog | K14: =TEXT('Raw Data'!F13,"0") -> 0 | L14: =VALUE(K14) -> 0
... A5002: ='Raw Data'!A5001 -> 45369.358 | B5002: ='Raw Data'!O5001 -> Snow | C5002: =TRIM(B5002) -> Snow | D5002: =CLEAN(C5002) -> Snow | E5002: =PROPER(D5002) -> Snow | F5002: =UPPER(B5002) -> SNOW | G5002: =LOWER(B5002) -> snow | H5002: ='Raw Data'!H5001 -> Weekday | I5002: =SUBSTITUTE(SUBSTITUTE(H5002,"Weekday","WD"),"Weekend","WE") -> WD | J5002: =PROPER(TRIM(CLEAN(B5002))) -> Snow | K5002: =TEXT('Raw Data'!F5001,"0") -> 8 | L5002: =VALUE(K5002) -> 8

Sheet IF Formulas Demo
A1: IF / IFERROR / IFNA — live, all 5,000 rows
A2: Row # | B2: Road_Occupancy_% | C2: Congestion Category (IF, nested) | D2: Accident_Report | E2: Accident Flag (IF) | F2: Weather_Condition | G2: Action — IFERROR(VLOOKUP) | H2: Action — IFNA(INDEX/MATCH)
A3: ='Raw Data'!A2 -> 45352 | B3: ='Raw Data'!M2 -> 82.65278 | C3: =IF(B3>=80,"Congested",IF(B3>=50,"Moderate","Free-flow")) -> Congested | D3: ='Raw Data'!P2 -> 0 | E3: =IF(D3=1,"Accident Reported","No Accident") -> No Accident | F3: ='Raw Data'!O2 -> Clear | G3: =IFERROR(VLOOKUP(F3,'Lookup Formulas Demo'!$A$5:$B$8,2,0),"Unknown Weather") -> Normal Driving | H3: =_xlfn.IFNA(INDEX('Lookup Formulas Demo'!$B$5:$B$8,MATCH(F3,'Lookup Formulas Demo'!$A$5:$A$8,0)),"No Match Found") -> Normal Driving
A4: ='Raw Data'!A3 -> 45352.003 | B4: ='Raw Data'!M3 -> 45.829298 | C4: =IF(B4>=80,"Congested",IF(B4>=50,"Moderate","Free-flow")) -> Free-flow | D4: ='Raw Data'!P3 -> 0 | E4: =IF(D4=1,"Accident Reported","No Accident") -> No Accident | F4: ='Raw Data'!O3 -> Clear | G4: =IFERROR(VLOOKUP(F4,'Lookup Formulas Demo'!$A$5:$B$8,2,0),"Unknown Weather") -> Normal Driving | H4: =_xlfn.IFNA(INDEX('Lookup Formulas Demo'!$B$5:$B$8,MATCH(F4,'Lookup Formulas Demo'!$A$5:$A$8,0)),"No Match Found") -> Normal Driving
A5: ='Raw Data'!A4 -> 45352.007 | B5: ='Raw Data'!M4 -> 82.772465 | C5: =IF(B5>=80,"Congested",IF(B5>=50,"Moderate","Free-flow")) -> Congested | D5: ='Raw Data'!P4 -> 0 | E5: =IF(D5=1,"Accident Reported","No Accident") -> No Accident | F5: ='Raw Data'!O4 -> Rain | G5: =IFERROR(VLOOKUP(F5,'Lookup Formulas Demo'!$A$5:$B$8,2,0),"Unknown Weather") -> Reduce Speed, Increase Following Distance | H5: =_xlfn.IFNA(INDEX('Lookup Formulas Demo'!$B$5:$B$8,MATCH(F5,'Lookup Formulas Demo'!$A$5:$A$8,0)),"No Match Found") -> Reduce Speed, Increase Following Distance
A6: ='Raw Data'!A5 -> 45352.01 | B6: ='Raw Data'!M5 -> 37.695567 | C6: =IF(B6>=80,"Congested",IF(B6>=50,"Moderate","Free-flow")) -> Free-flow | D6: ='Raw Data'!P5 -> 0 | E6: =IF(D6=1,"Accident Reported","No Accident") -> No Accident | F6: ='Raw Data'!O5 -> Fog | G6: =IFERROR(VLOOKUP(F6,'Lookup Formulas Demo'!$A$5:$B$8,2,0),"Unknown Weather") -> Use Fog Lights, Reduce Speed | H6: =_xlfn.IFNA(INDEX('Lookup Formulas Demo'!$B$5:$B$8,MATCH(F6,'Lookup Formulas Demo'!$A$5:$A$8,0)),"No Match Found") -> Use Fog Lights, Reduce Speed
A7: ='Raw Data'!A6 -> 45352.014 | B7: ='Raw Data'!M6 -> 22.313358 | C7: =IF(B7>=80,"Congested",IF(B7>=50,"Moderate","Free-flow")) -> Free-flow | D7: ='Raw Data'!P6 -> 0 | E7: =IF(D7=1,"Accident Reported","No Accident") -> No Accident | F7: ='Raw Data'!O6 -> Snow | G7: =IFERROR(VLOOKUP(F7,'Lookup Formulas Demo'!$A$5:$B$8,2,0),"Unknown Weather") -> Extreme Caution, Consider Delay | H7: =_xlfn.IFNA(INDEX('Lookup Formulas Demo'!$B$5:$B$8,MATCH(F7,'Lookup Formulas Demo'!$A$5:$A$8,0)),"No Match Found") -> Extreme Caution, Consider Delay
A8: ='Raw Data'!A7 -> 45352.017 | B8: ='Raw Data'!M7 -> 72.799903 | C8: =IF(B8>=80,"Congested",IF(B8>=50,"Moderate","Free-flow")) -> Moderate | D8: ='Raw Data'!P7 -> 0 | E8: =IF(D8=1,"Accident Reported","No Accident") -> No Accident | F8: ='Raw Data'!O7 -> Clear | G8: =IFERROR(VLOOKUP(F8,'Lookup Formulas Demo'!$A$5:$B$8,2,0),"Unknown Weather") -> Normal Driving | H8: =_xlfn.IFNA(INDEX('Lookup Formulas Demo'!$B$5:$B$8,MATCH(F8,'Lookup Formulas Demo'!$A$5:$A$8,0)),"No Match Found") -> Normal Driving
A9: ='Raw Data'!A8 -> 45352.021 | B9: ='Raw Data'!M8 -> 34.182018 | C9: =IF(B9>=80,"Congested",IF(B9>=50,"Moderate","Free-flow")) -> Free-flow | D9: ='Raw Data'!P8 -> 0 | E9: =IF(D9=1,"Accident Reported","No Accident") -> No Accident | F9: ='Raw Data'!O8 -> Snow | G9: =IFERROR(VLOOKUP(F9,'Lookup Formulas Demo'!$A$5:$B$8,2,0),"Unknown Weather") -> Extreme Caution, Consider Delay | H9: =_xlfn.IFNA(INDEX('Lookup Formulas Demo'!$B$5:$B$8,MATCH(F9,'Lookup Formulas Demo'!$A$5:$A$8,0)),"No Match Found") -> Extreme Caution, Consider Delay
A10: ='Raw Data'!A9 -> 45352.024 | B10: ='Raw Data'!M9 -> 40.427932 | C10: =IF(B10>=80,"Congested",IF(B10>=50,"Moderate","Free-flow")) -> Free-flow | D10: ='Raw Data'!P9 -> 0 | E10: =IF(D10=1,"Accident Reported","No Accident") -> No Accident | F10: ='Raw Data'!O9 -> Clear | G10: =IFERROR(VLOOKUP(F10,'Lookup Formulas Demo'!$A$5:$B$8,2,0),"Unknown Weather") -> Normal Driving | H10: =_xlfn.IFNA(INDEX('Lookup Formulas Demo'!$B$5:$B$8,MATCH(F10,'Lookup Formulas Demo'!$A$5:$A$8,0)),"No Match Found") -> Normal Driving
A11: ='Raw Data'!A10 -> 45352.028 | B11: ='Raw Data'!M10 -> 80.607375 | C11: =IF(B11>=80,"Congested",IF(B11>=50,"Moderate","Free-flow")) -> Congested | D11: ='Raw Data'!P10 -> 0 | E11: =IF(D11=1,"Accident Reported","No Accident") -> No Accident | F11: ='Raw Data'!O10 -> Clear | G11: =IFERROR(VLOOKUP(F11,'Lookup Formulas Demo'!$A$5:$B$8,2,0),"Unknown Weather") -> Normal Driving | H11: =_xlfn.IFNA(INDEX('Lookup Formulas Demo'!$B$5:$B$8,MATCH(F11,'Lookup Formulas Demo'!$A$5:$A$8,0)),"No Match Found") -> Normal Driving
A12: ='Raw Data'!A11 -> 45352.031 | B12: ='Raw Data'!M11 -> 47.114957 | C12: =IF(B12>=80,"Congested",IF(B12>=50,"Moderate","Free-flow")) -> Free-flow | D12: ='Raw Data'!P11 -> 0 | E12: =IF(D12=1,"Accident Reported","No Accident") -> No Accident | F12: ='Raw Data'!O11 -> Fog | G12: =IFERROR(VLOOKUP(F12,'Lookup Formulas Demo'!$A$5:$B$8,2,0),"Unknown Weather") -> Use Fog Lights, Reduce Speed | H12: =_xlfn.IFNA(INDEX('Lookup Formulas Demo'!$B$5:$B$8,MATCH(F12,'Lookup Formulas Demo'!$A$5:$A$8,0)),"No Match Found") -> Use Fog Lights, Reduce Speed
A13: ='Raw Data'!A12 -> 45352.035 | B13: ='Raw Data'!M12 -> 56.001738 | C13: =IF(B13>=80,"Congested",IF(B13>=50,"Moderate","Free-flow")) -> Moderate | D13: ='Raw Data'!P12 -> 0 | E13: =IF(D13=1,"Accident Reported","No Accident") -> No Accident | F13: ='Raw Data'!O12 -> Fog | G13: =IFERROR(VLOOKUP(F13,'Lookup Formulas Demo'!$A$5:$B$8,2,0),"Unknown Weather") -> Use Fog Lights, Reduce Speed | H13: =_xlfn.IFNA(INDEX('Lookup Formulas Demo'!$B$5:$B$8,MATCH(F13,'Lookup Formulas Demo'!$A$5:$A$8,0)),"No Match Found") -> Use Fog Lights, Reduce Speed
A14: ='Raw Data'!A13 -> 45352.038 | B14: ='Raw Data'!M13 -> 69.653163 | C14: =IF(B14>=80,"Congested",IF(B14>=50,"Moderate","Free-flow")) -> Moderate | D14: ='Raw Data'!P13 -> 0 | E14: =IF(D14=1,"Accident Reported","No Accident") -> No Accident | F14: ='Raw Data'!O13 -> Fog | G14: =IFERROR(VLOOKUP(F14,'Lookup Formulas Demo'!$A$5:$B$8,2,0),"Unknown Weather") -> Use Fog Lights, Reduce Speed | H14: =_xlfn.IFNA(INDEX('Lookup Formulas Demo'!$B$5:$B$8,MATCH(F14,'Lookup Formulas Demo'!$A$5:$A$8,0)),"No Match Found") -> Use Fog Lights, Reduce Speed
... A5002: ='Raw Data'!A5001 -> 45369.358 | B5002: ='Raw Data'!M5001 -> 28.048376 | C5002: =IF(B5002>=80,"Congested",IF(B5002>=50,"Moderate","Free-flow")) -> Free-flow | D5002: ='Raw Data'!P5001 -> 0 | E5002: =IF(D5002=1,"Accident Reported","No Accident") -> No Accident | F5002: ='Raw Data'!O5001 -> Snow | G5002: =IFERROR(VLOOKUP(F5002,'Lookup Formulas Demo'!$A$5:$B$8,2,0),"Unknown Weather") -> Extreme Caution, Consider Delay | H5002: =_xlfn.IFNA(INDEX('Lookup Formulas Demo'!$B$5:$B$8,MATCH(F5002,'Lookup Formulas Demo'!$A$5:$A$8,0)),"No Match Found") -> Extreme Caution, Consider Delay

Sheet COUNTIF Summary
A1: COUNTIF / COUNTIFS Summary — scanning all 5,000 rows of Raw Data
A3: Readings per Weather Condition — COUNTIF | D3: Accidents per Weather Condition — COUNTIFS
A4: Weather_Condition | B4: Total Readings (COUNTIF) | D4: Weather_Condition | E4: Accidents Reported (COUNTIFS)
A5: Clear | B5: =COUNTIF('Raw Data'!$O$2:$O$5001,A5) -> 1219 | D5: Clear | E5: =COUNTIFS('Raw Data'!$O$2:$O$5001,D5,'Raw Data'!$P$2:$P$5001,1) -> 115
A6: Fog | B6: =COUNTIF('Raw Data'!$O$2:$O$5001,A6) -> 1245 | D6: Fog | E6: =COUNTIFS('Raw Data'!$O$2:$O$5001,D6,'Raw Data'!$P$2:$P$5001,1) -> 112
A7: Rain | B7: =COUNTIF('Raw Data'!$O$2:$O$5001,A7) -> 1279 | D7: Rain | E7: =COUNTIFS('Raw Data'!$O$2:$O$5001,D7,'Raw Data'!$P$2:$P$5001,1) -> 123
A8: Snow | B8: =COUNTIF('Raw Data'!$O$2:$O$5001,A8) -> 1257 | D8: Snow | E8: =COUNTIFS('Raw Data'!$O$2:$O$5001,D8,'Raw Data'!$P$2:$P$5001,1) -> 130
A10: Readings by Traffic Light State and Traffic Condition — COUNTIFS
A11: Traffic_Light_State | B11: Low | C11: Medium | D11: High
A12: Green | B12: =COUNTIFS('Raw Data'!$N$2:$N$5001,$A12,'Raw Data'!$V$2:$V$5001,B$11) -> 113 | C12: =COUNTIFS('Raw Data'!$N$2:$N$5001,$A12,'Raw Data'!$V$2:$V$5001,C$11) -> 491 | D12: =COUNTIFS('Raw Data'!$N$2:$N$5001,$A12,'Raw Data'!$V$2:$V$5001,D$11) -> 1047
A13: Red | B13: =COUNTIFS('Raw Data'!$N$2:$N$5001,$A13,'Raw Data'!$V$2:$V$5001,B$11) -> 114 | C13: =COUNTIFS('Raw Data'!$N$2:$N$5001,$A13,'Raw Data'!$V$2:$V$5001,C$11) -> 496 | D13: =COUNTIFS('Raw Data'!$N$2:$N$5001,$A13,'Raw Data'!$V$2:$V$5001,D$11) -> 1013
A14: Yellow | B14: =COUNTIFS('Raw Data'!$N$2:$N$5001,$A14,'Raw Data'!$V$2:$V$5001,B$11) -> 132 | C14: =COUNTIFS('Raw Data'!$N$2:$N$5001,$A14,'Raw Data'!$V$2:$V$5001,C$11) -> 488 | D14: =COUNTIFS('Raw Data'!$N$2:$N$5001,$A14,'Raw Data'!$V$2:$V$5001,D$11) -> 1106
A16: Other Checks
A17: Weekend Readings with High Traffic (COUNTIFS) | B17: =COUNTIFS('Raw Data'!$H$2:$H$5001,"Weekend",'Raw Data'!$V$2:$V$5001,"High") -> 1111
A18: Total Accidents Reported (COUNTIF) | B18: =COUNTIF('Raw Data'!$P$2:$P$5001,1) -> 480
A19: Total Weekday Readings (COUNTIF) | B19: =COUNTIF('Raw Data'!$H$2:$H$5001,"Weekday") -> 3272

Sheet Power Query Steps
A1: Power Query (Get & Transform) — Cleaning Steps Applied
A2: Steps to reproduce this in Excel: Data tab -> Get Data -> From File -> From Excel Workbook -> select 'smart_mobility_dataset.xlsx' -> Transform Data, then apply the Applied Steps below in order.
A4: Applied Step | B4: What it does | C4: Where in Power Query UI
A5: Source | B5: Your original raw sheet — 1,048,575 rows, 22 columns. | C5: Get Data > From Table/Range
A6: Removed Blank Rows | B6: Checked for rows with every column blank. This was the critical step: the raw sheet's used range went to 1,048,575 rows, but only the first 5,000 had real data — the rest (99.5%) were entirely blank padding rows. | C6: Home > Remove Rows > Remove Blank Rows
A7: Changed Type | B7: Set each column's data type — Year_2, Month_3, Day_4, Hour_5 fixed from decimal (e.g. 2024.0) to whole number; Timestamp/Date_1 to date/time; numeric sensor columns to decimal number. | C7: Right-click column header > Change Type
A8: Trimmed Text | B8: Removed leading/trailing spaces from the 5 text columns (Day_Name_6, Weekday_vs_Weekend_7, Traffic_Light_State, Weather_Condition, Traffic_Condition). | C8: Transform > Format > Trim
A9: Cleaned Text | B9: Stripped non-printable characters and collapsed repeated spaces on the same 5 text columns. | C9: Transform > Format > Clean
A10: Removed Duplicates | B10: Checked all columns for exact duplicate rows — none found. | C10: Home > Remove Rows > Remove Duplicates
A11: Closed & Load | B11: Loaded the result — this is exactly your 'Power Query Clean Data' sheet, carried into the 'Cleaned Data' sheet here. | C11: Home > Close & Load To...
A13: Result
A14: Rows in your Power Query output: 5,000
A15: Duplicate rows found in it: 0
A16: Rows confirmed clean: 5,000
A18: Note: since your data was already cleaned in Power Query, this log mainly confirms and documents the steps you already applied — see the 'Cleaned Data' sheet for the result.

Sheet Summary
B2: Final Cleaned Dataset — Summary
B3: All figures below are live formulas reading from the 'Cleaned Data' sheet.
B5: Total Rows (excluding header) | C5: =COUNTA('Cleaned Data'!A2:A5001) -> 5000
B6: Total Columns | C6: =COLUMNS('Cleaned Data'!A1:V1) -> 22
B7: Total Data Cells (Rows x Columns) | C7: =C5*C6 -> 110000
B8: Total Non-Blank Data Cells (COUNTA check) | C8: =COUNTA('Cleaned Data'!A2:V5001) -> 110000
B9: Blank Rows Removed in Power Query (raw 1,048,575 -> this data) | C9: =1048575-5000 -> 1043575
B10: Duplicate Rows Found in This Data | C10: =0 -> 0
